Security Issue,Detector ID,Input,Finding ID,Control ID,Framework Mapping,Risk ID,Remediation ID,Test ID,Test,Retest Result
Privileged Accounts Without MFA on AST-IDP-001,DET-MFA,"inputs/evidence_samples.json (sample insecure_state) :: identity:ACC-0003, identity:ACC-0007, identity:ACC-0011",FND-MFA-01,CTRL-IAM-001,NIST CSF 2.0 PR.AA-03; ISO/IEC 27001:2022 A.8.5,RISK-MFA-01,REM-MFA-01,TEST-MFA-01,tests/test_detectors.py::test_fail_and_retest[DET-MFA],FAIL -> PASS (ASM-FLORENCE-REMEDIATED)
Excessive User Privileges on AST-IDP-001,DET-EXCESS-PRIV,"inputs/evidence_samples.json (sample insecure_state) :: identity:ACC-0005, identity:ACC-0014, identity:ACC-0027, identity:ACC-0041",FND-EXCESS-PRIV-01,CTRL-IAM-002,NIST CSF 2.0 PR.AA-05; ISO/IEC 27001:2022 A.5.18,RISK-EXCESS-PRIV-01,REM-EXCESS-PRIV-01,TEST-EXCESS-PRIV-01,tests/test_detectors.py::test_fail_and_retest[DET-EXCESS-PRIV],FAIL -> FAIL (ASM-FLORENCE-REMEDIATED)
Inactive Enabled Accounts on AST-IDP-001,DET-INACTIVE-ACCT,"inputs/evidence_samples.json (sample insecure_state) :: identity:ACC-0101, identity:ACC-0102, identity:ACC-0103, identity:ACC-0104, identity:ACC-0105, identity:ACC-0106, identity:ACC-0107, identity:ACC-0108",FND-INACTIVE-ACCT-01,CTRL-IAM-003,NIST CSF 2.0 PR.AA-01; ISO/IEC 27001:2022 A.5.16,RISK-INACTIVE-ACCT-01,REM-INACTIVE-ACCT-01,TEST-INACTIVE-ACCT-01,tests/test_detectors.py::test_fail_and_retest[DET-INACTIVE-ACCT],FAIL -> PASS (ASM-FLORENCE-REMEDIATED)
Password Policy Violations on AST-IDP-001,DET-PASSWORD,inputs/evidence_samples.json (sample insecure_state) :: identity:POL-0001,FND-PASSWORD-01,CTRL-IAM-004,NIST CSF 2.0 PR.AA-03; ISO/IEC 27001:2022 A.5.17,RISK-PASSWORD-01,REM-PASSWORD-01,TEST-PASSWORD-01,tests/test_detectors.py::test_fail_and_retest[DET-PASSWORD],FAIL -> FAIL (ASM-FLORENCE-REMEDIATED)
Sensitive Data Unencrypted at Rest on AST-DB-001,DET-ENC-REST,inputs/evidence_samples.json (sample insecure_state) :: data_protection:ENC-0001,FND-ENC-REST-01,CTRL-DATA-001,NIST CSF 2.0 PR.DS-01; ISO/IEC 27001:2022 A.8.24,RISK-ENC-REST-01,REM-ENC-REST-01,TEST-ENC-REST-01,tests/test_detectors.py::test_fail_and_retest[DET-ENC-REST],FAIL -> PASS (ASM-FLORENCE-REMEDIATED)
Sensitive Data Unencrypted at Rest on AST-STO-001,DET-ENC-REST,inputs/evidence_samples.json (sample insecure_state) :: data_protection:ENC-0002,FND-ENC-REST-02,CTRL-DATA-001,NIST CSF 2.0 PR.DS-01; ISO/IEC 27001:2022 A.8.24,RISK-ENC-REST-02,REM-ENC-REST-01,TEST-ENC-REST-01,tests/test_detectors.py::test_fail_and_retest[DET-ENC-REST],FAIL -> PASS (ASM-FLORENCE-REMEDIATED)
Sensitive Data Unencrypted in Transit on AST-DB-001,DET-ENC-TRANSIT,inputs/evidence_samples.json (sample insecure_state) :: data_protection:FLOW-0004,FND-ENC-TRANSIT-01,CTRL-DATA-002,NIST CSF 2.0 PR.DS-02; ISO/IEC 27001:2022 A.8.24,RISK-ENC-TRANSIT-01,REM-ENC-TRANSIT-01,TEST-ENC-TRANSIT-01,tests/test_detectors.py::test_fail_and_retest[DET-ENC-TRANSIT],FAIL -> PASS (ASM-FLORENCE-REMEDIATED)
Sensitive Data Unencrypted in Transit on AST-SRV-001,DET-ENC-TRANSIT,inputs/evidence_samples.json (sample insecure_state) :: data_protection:FLOW-0002,FND-ENC-TRANSIT-03,CTRL-DATA-002,NIST CSF 2.0 PR.DS-02; ISO/IEC 27001:2022 A.8.24,RISK-ENC-TRANSIT-03,REM-ENC-TRANSIT-01,TEST-ENC-TRANSIT-01,tests/test_detectors.py::test_fail_and_retest[DET-ENC-TRANSIT],FAIL -> FAIL (ASM-FLORENCE-REMEDIATED)
Unsupported or Vulnerable Software on AST-SRV-001,DET-VULN-SW,inputs/evidence_samples.json (sample insecure_state) :: vulnerability:SW-0002,FND-VULN-SW-02,CTRL-END-001,NIST CSF 2.0 PR.PS-02; ISO/IEC 27001:2022 A.8.8,RISK-VULN-SW-02,REM-VULN-SW-01,TEST-VULN-SW-01,tests/test_detectors.py::test_fail_and_retest[DET-VULN-SW],FAIL -> FAIL (ASM-FLORENCE-REMEDIATED)
Unsupported or Vulnerable Software on AST-SRV-002,DET-VULN-SW,inputs/evidence_samples.json (sample insecure_state) :: vulnerability:SW-0003,FND-VULN-SW-03,CTRL-END-001,NIST CSF 2.0 PR.PS-02; ISO/IEC 27001:2022 A.8.8,RISK-VULN-SW-03,REM-VULN-SW-01,TEST-VULN-SW-01,tests/test_detectors.py::test_fail_and_retest[DET-VULN-SW],FAIL -> FAIL (ASM-FLORENCE-REMEDIATED)
Missing Endpoint Protection on AST-END-002,DET-ENDPOINT,"inputs/evidence_samples.json (sample insecure_state) :: endpoint:DEV-0082, endpoint:DEV-0091, endpoint:DEV-0095",FND-ENDPOINT-02,CTRL-END-002,NIST CSF 2.0 DE.CM-09; ISO/IEC 27001:2022 A.8.7,RISK-ENDPOINT-02,REM-ENDPOINT-01,TEST-ENDPOINT-01,tests/test_detectors.py::test_fail_and_retest[DET-ENDPOINT],FAIL -> FAIL (ASM-FLORENCE-REMEDIATED)
Inadequate Security Logging and Monitoring on AST-LOG-001,DET-LOGGING,"inputs/evidence_samples.json (sample insecure_state) :: logging:LOG-0003, logging:LOG-0004",FND-LOGGING-01,CTRL-LOG-001,NIST CSF 2.0 PR.PS-04; ISO/IEC 27001:2022 A.8.15,RISK-LOGGING-01,REM-LOGGING-01,TEST-LOGGING-01,tests/test_detectors.py::test_fail_and_retest[DET-LOGGING],FAIL -> FAIL (ASM-FLORENCE-REMEDIATED)
Exposed Cloud Storage Containing Sensitive Data on AST-STO-001,DET-CLOUD-EXPOSURE,inputs/evidence_samples.json (sample insecure_state) :: cloud_storage:BKT-0001,FND-CLOUD-EXPOSURE-01,CTRL-CLD-001,NIST CSF 2.0 PR.AA-05; ISO/IEC 27001:2022 A.8.3,RISK-CLOUD-EXPOSURE-01,REM-CLOUD-EXPOSURE-01,TEST-CLOUD-EXPOSURE-01,tests/test_detectors.py::test_fail_and_retest[DET-CLOUD-EXPOSURE],FAIL -> PASS (ASM-FLORENCE-REMEDIATED)
Exposed Cloud Storage Containing Sensitive Data on AST-STO-002,DET-CLOUD-EXPOSURE,inputs/evidence_samples.json (sample insecure_state) :: cloud_storage:BKT-0002,FND-CLOUD-EXPOSURE-02,CTRL-CLD-001,NIST CSF 2.0 PR.AA-05; ISO/IEC 27001:2022 A.8.3,RISK-CLOUD-EXPOSURE-02,REM-CLOUD-EXPOSURE-01,TEST-CLOUD-EXPOSURE-01,tests/test_detectors.py::test_fail_and_retest[DET-CLOUD-EXPOSURE],FAIL -> PASS (ASM-FLORENCE-REMEDIATED)
Inadequate Backup and Recovery Controls on AST-DB-001,DET-BACKUP,inputs/evidence_samples.json (sample insecure_state) :: backup:BCK-0001,FND-BACKUP-01,CTRL-BCP-001,NIST CSF 2.0 PR.DS-11; ISO/IEC 27001:2022 A.8.13,RISK-BACKUP-01,REM-BACKUP-01,TEST-BACKUP-01,tests/test_detectors.py::test_fail_and_retest[DET-BACKUP],FAIL -> PASS (ASM-FLORENCE-REMEDIATED)
Inadequate Backup and Recovery Controls on AST-SRV-002,DET-BACKUP,inputs/evidence_samples.json (sample insecure_state) :: backup:BCK-0007,FND-BACKUP-04,CTRL-BCP-001,NIST CSF 2.0 PR.DS-11; ISO/IEC 27001:2022 A.8.13,RISK-BACKUP-04,REM-BACKUP-01,TEST-BACKUP-01,tests/test_detectors.py::test_fail_and_retest[DET-BACKUP],FAIL -> FAIL (ASM-FLORENCE-REMEDIATED)
Inadequate Backup and Recovery Controls on AST-STO-001,DET-BACKUP,inputs/evidence_samples.json (sample insecure_state) :: backup:BCK-0002,FND-BACKUP-05,CTRL-BCP-001,NIST CSF 2.0 PR.DS-11; ISO/IEC 27001:2022 A.8.13,RISK-BACKUP-05,REM-BACKUP-01,TEST-BACKUP-01,tests/test_detectors.py::test_fail_and_retest[DET-BACKUP],FAIL -> PASS (ASM-FLORENCE-REMEDIATED)
Unrestricted Remote Access on AST-NET-001,DET-REMOTE-ACCESS,inputs/evidence_samples.json (sample insecure_state) :: access_control:RULE-0002,FND-REMOTE-ACCESS-01,CTRL-NET-001,NIST CSF 2.0 PR.IR-01; ISO/IEC 27001:2022 A.8.20,RISK-REMOTE-ACCESS-01,REM-REMOTE-ACCESS-01,TEST-REMOTE-ACCESS-01,tests/test_detectors.py::test_fail_and_retest[DET-REMOTE-ACCESS],FAIL -> PASS (ASM-FLORENCE-REMEDIATED)
